<?xml version="1.0" encoding="UTF-8"?>
<!-- Created with TexturePacker http://texturepacker.com-->
<!-- $TexturePacker:SmartUpdate:6bf28b128405cefc73163887ba678f98$ -->
<TextureAtlas imagePath="assets.png">
    <SubTexture name="tiles0001" x="154" y="154" width="50" height="50"/>
    <SubTexture name="tiles0002" x="205" y="103" width="50" height="50"/>
    <SubTexture name="tiles0003" x="154" y="103" width="50" height="50"/>
    <SubTexture name="tiles0004" x="103" y="205" width="50" height="50"/>
    <SubTexture name="tiles0005" x="103" y="154" width="50" height="50"/>
    <SubTexture name="tiles0006" x="103" y="103" width="50" height="50"/>
    <SubTexture name="tiles0007" x="205" y="52" width="50" height="50"/>
    <SubTexture name="tiles0008" x="154" y="52" width="50" height="50"/>
    <SubTexture name="tiles0009" x="103" y="52" width="50" height="50"/>
    <SubTexture name="tiles0010" x="52" y="205" width="50" height="50"/>
    <SubTexture name="tiles0011" x="52" y="154" width="50" height="50"/>
    <SubTexture name="tiles0012" x="52" y="103" width="50" height="50"/>
    <SubTexture name="tiles0013" x="52" y="52" width="50" height="50"/>
    <SubTexture name="tiles0014" x="205" y="1" width="50" height="50"/>
    <SubTexture name="tiles0015" x="154" y="1" width="50" height="50"/>
    <SubTexture name="tiles0016" x="103" y="1" width="50" height="50"/>
    <SubTexture name="tiles0017" x="52" y="1" width="50" height="50"/>
    <SubTexture name="tiles0018" x="1" y="205" width="50" height="50"/>
    <SubTexture name="tiles0019" x="1" y="154" width="50" height="50"/>
    <SubTexture name="tiles0020" x="1" y="103" width="50" height="50"/>
    <SubTexture name="tiles0021" x="1" y="52" width="50" height="50"/>
    <SubTexture name="tiles0022" x="1" y="1" width="50" height="50"/>
</TextureAtlas>
